{
    "1" : {
        "img": "img\\prewiu.png",
        "text": "Первая <b> механическая машина </b>, с по­ мощью которой можно было производить вычисления, была изготовлена известным французским учёным Блезом Паскалем в 1645 г. Чтобы отдать дань уважения это­ му изобретению, один из языков програм­ мирования впоследствии был назван име­ нем Паскаль."
    },
    "2" : {
        "img": "img\\prewiu.png",
        "text": "Идея о реализации вычислений в ав­ томатическом режиме (без участия чело­ века) впервые была предложена и деталь­ но развита английским учёным Чарльзом Бэббиджем. Он спроектировал и описал <b>Аналитическую машину</b>, состав и прин­ ципы действия которой фактически по­ вторились в будущих ЭВМ."
    },
    "3" : {
        "img": "img\\prewiu.png",
        "text": "Бэббидж посвятил всю свою жизнь ра­ боте над машиной, но построить её из ме­ ханических деталей не удалось: уровень техники XIX века не позволял изготовить столь сложный и точный механизм. Разработкой принципов программиро­ вания Аналитической машины Бэббиджа занималась Ада Лавлейс (дочь английско­ го поэта Д. Г. Байрона). Её идеи оказали большое влияние на развитие программи­ рования. Например, ей принадлежат тер­ мины «цикл» и «рабочая ячейка». В честь первого в мире программиста один из язы­ ков программирования получил имя Ада."
    },
    "4" : {
        "img": "img\\prewiu.png",
        "text": "Первой ЭВМ, продемонстрировавшей на практике возмож­ ность автоматических расчётов по программе, считается ЭНИАК (сокращение от английского словосочетания Electronic Numeric Integrator and Computer) — рис. 5.1. Эта ЭВМ была построена в 1944 г. в США под руководством Джона Моучлщ главным ин­ женером проекта был Преспер Эккерт. <b>ЭНИАК</b> содержал 18 000 электронных ламп и, занимая зал 9 х 15 м2, потреблял около 150 кВт электроэнергии; выполнял более 350 умножений и 5000 сложений за секунду. Данные вводились в машину с по­ мощью перфокарт, а программа обработки набиралась с помощью штекеров на специальных панелях."
    },
    "5" : {
        "img": "img\\prewiu.png",
        "text": "Опыт построения первой ЭВМ был проанализирован А. Берксом, Г. Голд­ стайном и Дж. фон Нейманом. В 1946 г. они опубликовали работу «Предваритель­ ное рассмотрение логической конструкции электронного вычислительного устрой­ ства», ставшую классической. Сформули­ рованные в ней принципы построения вы­ числительных машин используются и сейчас, несмотря на то что со времени публикации прошло более полувека. В компьютерной литературе эти принци­ пы часто называют <b>фон-неймановской ар­ хитектурой ЭВМ</b>, хотя Джон фон Нейман не был её единоличным автором."
    },
    "6" : {
        "img": "img\\prewiu.png",
        "text": "Дальнейший прогресс вычислительной определялся развитием её <b>элементной базы</b>. Важной вехой на этом пути стало создание в 1947 г. <b>транзистора</b> (У. Шокли, Д. Бардин и У. Браттейн). Транзистор — это полупроводнико­ вый прибор для управления электрическими сигналами. На основе транзисторов могут собираться цифровые электронные схемы, такие как логические элементы и триггеры."
    },
    "7" : {
        "img": "img\\prewiu.png",
        "text": "В 1958 г. Дж. Килби разработал первую <b>интегральную микросхему</b> — кристалл, в котором размещается не один транзистор, а целая схема на нескольких транзисторах — например, один или несколько триггеров. Все её вспомогательные радиодетали (резис­ торы, конденсаторы и другие) также изготавливаются с помощью полупроводниковых технологий."
    },
    "8" : {
        "img": "img\\prewiu.png",
        "text": "Первый <b>микропроцессор</b> Intel 4004 был разработан под руко­ водством инженера М. Хоффа и выпущен в 1971 г. Он был четырёхбитным, поскольку предназначался для микрокалькуляторов и должен был производить вычисления над десятичны­ ми числами. Инте­ ресно, что цель его создания была чисто технологическая: заменить 12 специали­ зированных микросхем одной универсаль­ ной, но программируемой. Достоинства микропроцессора как главного узла для компьютеров были оценены позднее."
    },
    "9" : {
        "img": "img\\prewiu.png",
        "text": "В ходе совершенствования элементной базы вычислительные машины станови­ лись все более мощными и компактными. В результате появились персональные компьютеры (ПК), которыми мы сейчас пользуемся. В 1976 г. два молодых приятеля С. Джобс и С. Воз­ няк в гараже родителей Джобса собрали ПК <b>Apple</b>, положивший начало известному ныне семейству компьютеров. А в 1981 г. был продемонстрирован первый компьютер другого семейства — <b>IBM PC</b> (IBM Personal Computer), потомки которого в нашей стране особенно широко распространены."
    }
}